series,lecture,writing,math,code,jax,figures,references,links,admonitions,overall,priority
lecture-dp,amss,3.5,3.5,8.0,out-of-scope,6.0,10.0,10.0,10.0,7.3,HIGH
lecture-dp,amss2,3.5,10.0,8.5,out-of-scope,6.0,8.5,10.0,N/A,7.8,HIGH
lecture-dp,amss3,3.5,9.0,8.5,out-of-scope,5.5,7.5,10.0,10.0,7.7,HIGH
lecture-dp,calvo,3.0,5.5,8.5,out-of-scope,7.0,8.5,8.0,10.0,7.2,HIGH
lecture-dp,calvo_abreu,4.0,9.0,7.5,out-of-scope,9.0,8.5,10.0,N/A,8.0,HIGH
lecture-dp,calvo_machine_learn,4.0,3.0,6.5,out-of-scope,8.0,10.0,10.0,10.0,7.4,HIGH
lecture-dp,career,8.0,9.5,8.5,out-of-scope,6.5,10.0,10.0,10.0,8.9,NONE
lecture-dp,chang_credible,3.0,10.0,8.5,out-of-scope,9.5,10.0,10.0,N/A,8.5,HIGH
lecture-dp,chang_ramsey,3.0,10.0,8.5,out-of-scope,6.0,8.5,10.0,N/A,7.7,HIGH
lecture-dp,cons_news,3.0,4.5,8.5,out-of-scope,6.0,10.0,7.5,N/A,6.6,HIGH
lecture-dp,cross_product_trick,4.0,3.0,N/A,out-of-scope,N/A,N/A,10.0,N/A,5.7,HIGH
lecture-dp,discrete_dp,4.0,7.0,6.5,out-of-scope,6.0,9.0,7.0,10.0,7.1,HIGH
lecture-dp,dyn_stack,4.0,5.0,8.5,out-of-scope,5.0,10.0,7.5,10.0,7.1,HIGH
lecture-dp,ifp_advanced,3.0,3.0,6.5,out-of-scope,7.0,8.5,10.0,10.0,6.9,HIGH
lecture-dp,ifp_discrete,6.0,7.0,8.0,out-of-scope,8.5,10.0,10.0,10.0,8.5,LOW
lecture-dp,ifp_egm,3.0,9.0,6.5,out-of-scope,6.5,10.0,10.0,10.0,7.9,HIGH
lecture-dp,ifp_egm_transient_shocks,3.5,9.5,7.5,out-of-scope,5.5,9.0,10.0,10.0,7.9,HIGH
lecture-dp,ifp_opi,5.0,10.0,8.0,out-of-scope,6.0,N/A,9.0,10.0,8.0,LOW
lecture-dp,intro,10.0,N/A,N/A,out-of-scope,N/A,N/A,10.0,N/A,10.0,NONE
lecture-dp,inventory_q,4.0,5.5,7.5,out-of-scope,6.0,10.0,10.0,N/A,7.2,HIGH
lecture-dp,jv,3.5,9.5,7.5,out-of-scope,6.5,9.0,10.0,10.0,8.0,HIGH
lecture-dp,lagrangian_lqdp,3.0,3.0,7.0,out-of-scope,N/A,10.0,7.5,10.0,6.8,HIGH
lecture-dp,lq_inventories,4.0,3.0,7.5,out-of-scope,7.0,10.0,10.0,10.0,7.4,HIGH
lecture-dp,lqcontrol,3.0,3.0,7.5,out-of-scope,4.5,10.0,8.0,10.0,6.6,HIGH
lecture-dp,lqramsey,6.5,3.0,7.5,out-of-scope,8.0,10.0,10.0,10.0,7.9,HIGH
lecture-dp,markov_jump_lq,5.0,3.0,7.5,out-of-scope,5.5,8.5,9.0,N/A,6.4,HIGH
lecture-dp,mccall_fitted_vfi,7.0,8.0,7.5,out-of-scope,5.5,9.0,10.0,10.0,8.1,LOW
lecture-dp,mccall_model,3.0,7.0,7.5,out-of-scope,6.0,10.0,8.0,10.0,7.4,HIGH
lecture-dp,mccall_model_with_sep_markov,5.0,10.0,7.5,out-of-scope,5.5,N/A,10.0,10.0,8.0,LOW
lecture-dp,mccall_model_with_separation,6.5,8.5,7.5,out-of-scope,8.5,10.0,10.0,10.0,8.7,NONE
lecture-dp,mccall_persist_trans,9.5,6.5,6.0,out-of-scope,8.0,10.0,10.0,10.0,8.6,NONE
lecture-dp,mccall_q,3.0,9.5,7.0,out-of-scope,7.0,9.0,10.0,N/A,7.6,HIGH
lecture-dp,odu,3.0,9.0,7.5,out-of-scope,5.0,9.0,8.0,10.0,7.4,HIGH
lecture-dp,opt_tax_recur,4.0,5.0,8.5,out-of-scope,4.5,9.0,10.0,10.0,7.3,HIGH
lecture-dp,os,6.0,9.0,9.0,out-of-scope,8.0,10.0,10.0,10.0,8.9,NONE
lecture-dp,os_egm,5.5,9.5,7.5,out-of-scope,9.0,10.0,10.0,10.0,8.8,NONE
lecture-dp,os_egm_jax,10.0,10.0,7.5,out-of-scope,7.0,N/A,10.0,10.0,9.1,NONE
lecture-dp,os_numerical,6.0,10.0,10.0,out-of-scope,5.5,N/A,10.0,10.0,8.6,NONE
lecture-dp,os_stochastic,4.5,7.5,9.5,out-of-scope,7.5,10.0,8.0,10.0,8.1,LOW
lecture-dp,os_time_iter,7.5,8.0,9.5,out-of-scope,8.0,9.0,10.0,10.0,8.9,NONE
lecture-dp,perm_income,3.0,4.0,7.5,out-of-scope,6.0,8.5,10.0,10.0,7.0,HIGH
lecture-dp,perm_income_cons,3.0,4.0,7.5,out-of-scope,5.5,10.0,9.0,N/A,6.5,HIGH
lecture-dp,rs_inventory_q,3.0,6.0,8.5,out-of-scope,5.0,N/A,10.0,N/A,6.5,HIGH
lecture-dp,short_path,10.0,10.0,10.0,out-of-scope,8.0,N/A,10.0,10.0,9.7,NONE
lecture-dp,smoothing,3.0,3.0,7.5,out-of-scope,5.0,10.0,7.5,N/A,6.0,HIGH
lecture-dp,smoothing_tax,3.5,6.0,7.5,out-of-scope,4.0,10.0,9.0,10.0,7.1,HIGH
lecture-dp,status,10.0,N/A,N/A,out-of-scope,N/A,N/A,10.0,N/A,10.0,NONE
lecture-dp,tax_smoothing_1,4.5,4.0,7.0,out-of-scope,6.0,7.5,9.0,N/A,6.3,HIGH
lecture-dp,tax_smoothing_2,5.5,3.5,7.5,out-of-scope,4.0,8.5,10.0,N/A,6.5,HIGH
lecture-dp,tax_smoothing_3,9.0,9.0,10.0,out-of-scope,5.0,8.5,10.0,N/A,8.6,NONE
lecture-dp,un_insure,8.0,10.0,10.0,out-of-scope,5.5,9.0,10.0,10.0,8.9,NONE
lecture-dp,zreferences,10.0,N/A,N/A,out-of-scope,N/A,N/A,10.0,N/A,10.0,NONE
lecture-python-advanced.myst,BCG_complete_mkts,3.0,7.5,7.0,out-of-scope,6.0,10.0,8.0,10.0,7.4,HIGH
lecture-python-advanced.myst,BCG_incomplete_mkts,3.0,7.5,7.5,out-of-scope,4.5,10.0,10.0,N/A,7.1,HIGH
lecture-python-advanced.myst,additive_functionals,5.5,3.5,7.0,out-of-scope,3.5,9.0,7.5,10.0,6.6,HIGH
lecture-python-advanced.myst,amss,4.0,4.0,7.0,out-of-scope,6.0,10.0,10.0,10.0,7.3,HIGH
lecture-python-advanced.myst,amss2,3.5,10.0,7.5,out-of-scope,6.0,8.5,10.0,N/A,7.6,HIGH
lecture-python-advanced.myst,amss3,3.5,8.5,7.5,out-of-scope,5.5,7.5,10.0,10.0,7.5,HIGH
lecture-python-advanced.myst,arellano,5.5,8.5,6.5,out-of-scope,7.0,9.0,10.0,10.0,8.1,LOW
lecture-python-advanced.myst,arma,4.5,7.5,8.5,out-of-scope,6.5,10.0,8.0,N/A,7.5,LOW
lecture-python-advanced.myst,asset_pricing_lph,3.0,3.0,5.5,out-of-scope,7.5,8.5,7.5,10.0,6.4,HIGH
lecture-python-advanced.myst,atkeson_1991,5.5,9.5,7.0,out-of-scope,5.5,10.0,10.0,10.0,8.2,LOW
lecture-python-advanced.myst,black_litterman,3.0,3.0,7.0,out-of-scope,4.0,10.0,8.5,10.0,6.5,HIGH
lecture-python-advanced.myst,cagan_rational_expectations,5.5,3.0,6.5,out-of-scope,5.5,8.5,10.0,10.0,7.0,HIGH
lecture-python-advanced.myst,calvo,3.0,5.5,7.5,out-of-scope,7.0,8.5,8.0,10.0,7.1,HIGH
lecture-python-advanced.myst,calvo_abreu,4.0,8.5,6.5,out-of-scope,9.0,8.5,10.0,N/A,7.8,HIGH
lecture-python-advanced.myst,calvo_machine_learn,3.5,3.0,6.0,out-of-scope,8.0,10.0,10.0,10.0,7.2,HIGH
lecture-python-advanced.myst,cattle_cycles,7.0,7.0,9.0,out-of-scope,5.0,8.5,10.0,N/A,7.8,LOW
lecture-python-advanced.myst,chang_credible,3.0,10.0,8.5,out-of-scope,9.5,10.0,10.0,N/A,8.5,HIGH
lecture-python-advanced.myst,chang_ramsey,3.0,9.0,8.5,out-of-scope,6.0,8.5,10.0,N/A,7.5,HIGH
lecture-python-advanced.myst,classical_filtering,4.5,3.5,10.0,out-of-scope,N/A,8.5,8.0,10.0,7.4,HIGH
lecture-python-advanced.myst,coase,6.0,9.0,6.0,out-of-scope,7.0,8.5,10.0,10.0,8.1,LOW
lecture-python-advanced.myst,cons_news,3.0,4.5,8.5,out-of-scope,6.0,10.0,7.5,N/A,6.6,HIGH
lecture-python-advanced.myst,discrete_dp,6.0,7.0,6.5,out-of-scope,6.0,9.0,7.0,10.0,7.4,LOW
lecture-python-advanced.myst,doubts_or_variability,4.0,3.0,8.5,out-of-scope,9.0,9.0,10.0,10.0,7.6,HIGH
lecture-python-advanced.myst,dovis_accounting_mf,5.0,4.5,7.0,out-of-scope,4.5,10.0,10.0,10.0,7.3,LOW
lecture-python-advanced.myst,dyn_stack,3.5,4.0,7.5,out-of-scope,5.0,10.0,7.5,10.0,6.8,HIGH
lecture-python-advanced.myst,entropy,3.0,3.0,N/A,out-of-scope,8.5,8.5,8.5,N/A,6.3,HIGH
lecture-python-advanced.myst,estspec,5.0,9.5,7.5,out-of-scope,5.0,10.0,10.0,10.0,8.1,LOW
lecture-python-advanced.myst,five_preferences,3.0,6.0,7.0,out-of-scope,4.0,7.0,10.0,N/A,6.2,HIGH
lecture-python-advanced.myst,gorman_heterogeneous_households,3.0,8.0,5.0,out-of-scope,5.0,10.0,10.0,10.0,7.3,HIGH
lecture-python-advanced.myst,growth_in_dles,3.0,7.5,7.5,out-of-scope,7.0,9.0,10.0,N/A,7.3,HIGH
lecture-python-advanced.myst,hansen_jagannathan_1991,6.5,5.0,5.5,out-of-scope,9.0,10.0,10.0,10.0,8.0,LOW
lecture-python-advanced.myst,hansen_richard_1987,4.0,4.0,5.0,out-of-scope,9.5,10.0,10.0,10.0,7.5,HIGH
lecture-python-advanced.myst,hs_invertibility_example,5.5,7.0,7.5,out-of-scope,5.0,8.5,10.0,N/A,7.2,LOW
lecture-python-advanced.myst,hs_recursive_models,3.0,3.0,N/A,out-of-scope,N/A,8.5,8.0,N/A,5.6,HIGH
lecture-python-advanced.myst,info_projection,4.5,5.0,6.0,out-of-scope,8.0,9.0,10.0,10.0,7.5,LOW
lecture-python-advanced.myst,intro,10.0,N/A,N/A,out-of-scope,N/A,N/A,10.0,N/A,10.0,NONE
lecture-python-advanced.myst,irfs_in_hall_model,3.0,8.5,7.5,out-of-scope,7.0,9.0,10.0,N/A,7.5,HIGH
lecture-python-advanced.myst,knowing_forecasts_of_others,3.0,3.0,6.0,out-of-scope,9.0,7.5,8.0,N/A,6.1,HIGH
lecture-python-advanced.myst,lqramsey,4.0,3.0,7.5,out-of-scope,8.0,10.0,10.0,10.0,7.5,HIGH
lecture-python-advanced.myst,lu_tricks,3.0,6.5,8.5,out-of-scope,8.5,10.0,8.0,10.0,7.8,HIGH
lecture-python-advanced.myst,lucas_asset_pricing_dles,5.5,4.0,8.5,out-of-scope,7.0,8.5,10.0,N/A,7.2,HIGH
lecture-python-advanced.myst,lucas_model,6.0,9.5,7.5,out-of-scope,7.5,10.0,8.0,10.0,8.4,LOW
lecture-python-advanced.myst,markov_jump_lq,5.0,3.0,7.0,out-of-scope,5.5,8.5,9.0,N/A,6.3,HIGH
lecture-python-advanced.myst,match_transport,3.0,9.5,5.0,out-of-scope,3.0,8.5,8.0,N/A,6.2,HIGH
lecture-python-advanced.myst,matsuyama,5.0,10.0,7.0,out-of-scope,6.5,10.0,9.0,10.0,8.2,LOW
lecture-python-advanced.myst,mcmc,7.0,5.5,7.5,out-of-scope,8.0,10.0,10.0,10.0,8.3,LOW
lecture-python-advanced.myst,muth_kalman,6.0,6.0,10.0,out-of-scope,5.5,10.0,9.0,10.0,8.1,LOW
lecture-python-advanced.myst,opt_tax_recur,4.5,5.5,8.5,out-of-scope,4.5,9.0,10.0,10.0,7.4,LOW
lecture-python-advanced.myst,orth_proj,4.0,3.0,10.0,out-of-scope,7.0,10.0,8.0,10.0,7.4,HIGH
lecture-python-advanced.myst,permanent_income_dles,4.0,7.5,7.5,out-of-scope,8.0,8.5,8.0,N/A,7.2,HIGH
lecture-python-advanced.myst,repeat_mh,4.0,6.0,7.0,out-of-scope,8.5,10.0,10.0,10.0,7.9,HIGH
lecture-python-advanced.myst,risk_aversion_or_mistaken_beliefs,5.0,3.0,9.0,out-of-scope,3.5,10.0,10.0,10.0,7.2,HIGH
lecture-python-advanced.myst,rob_markov_perf,3.5,4.0,6.5,out-of-scope,8.0,9.0,7.5,N/A,6.4,HIGH
lecture-python-advanced.myst,robustness,3.0,3.0,7.5,out-of-scope,6.5,10.0,7.5,10.0,6.8,HIGH
lecture-python-advanced.myst,rosen_schooling_model,5.5,10.0,7.5,out-of-scope,6.0,9.0,10.0,10.0,8.3,LOW
lecture-python-advanced.myst,smoothing,3.0,3.0,7.5,out-of-scope,5.0,10.0,7.5,N/A,6.0,HIGH
lecture-python-advanced.myst,smoothing_tax,4.0,5.5,7.5,out-of-scope,4.0,10.0,9.0,10.0,7.1,HIGH
lecture-python-advanced.myst,stationary_densities,4.0,6.0,7.0,out-of-scope,6.0,9.0,7.5,10.0,7.1,HIGH
lecture-python-advanced.myst,status,10.0,N/A,N/A,out-of-scope,N/A,N/A,10.0,N/A,10.0,NONE
lecture-python-advanced.myst,subjective_beliefs_business_cycles,3.0,3.0,8.5,out-of-scope,7.0,9.0,10.0,10.0,7.2,HIGH
lecture-python-advanced.myst,supply_demand_var,8.0,8.5,7.5,out-of-scope,6.0,10.0,10.0,10.0,8.6,NONE
lecture-python-advanced.myst,tax_smoothing_1,4.0,4.5,7.0,out-of-scope,6.0,7.5,9.0,N/A,6.3,HIGH
lecture-python-advanced.myst,tax_smoothing_2,5.0,3.5,7.5,out-of-scope,4.0,8.5,10.0,N/A,6.4,HIGH
lecture-python-advanced.myst,tax_smoothing_3,5.5,8.5,7.5,out-of-scope,5.0,8.5,10.0,N/A,7.5,LOW
lecture-python-advanced.myst,troubleshooting,8.5,N/A,N/A,out-of-scope,9.0,N/A,9.0,N/A,8.8,NONE
lecture-python-advanced.myst,tsyrennikov_2013,4.5,5.5,7.5,out-of-scope,5.0,10.0,10.0,10.0,7.5,LOW
lecture-python-advanced.myst,un_insure,4.5,9.5,7.5,out-of-scope,5.5,9.0,10.0,10.0,8.0,LOW
lecture-python-advanced.myst,zreferences,10.0,N/A,N/A,out-of-scope,N/A,N/A,10.0,N/A,10.0,NONE
lecture-python-intro,about,8.0,N/A,N/A,out-of-scope,N/A,N/A,9.0,N/A,8.5,LOW
lecture-python-intro,ar1_processes,6.0,7.5,6.0,out-of-scope,7.0,9.0,10.0,10.0,7.9,LOW
lecture-python-intro,bayes_intro,7.5,9.5,10.0,out-of-scope,5.5,N/A,10.0,10.0,8.8,NONE
lecture-python-intro,bivariate_dist,6.5,5.5,6.0,out-of-scope,5.0,10.0,10.0,10.0,7.6,LOW
lecture-python-intro,business_cycle,6.0,N/A,7.0,out-of-scope,7.0,N/A,10.0,N/A,7.5,LOW
lecture-python-intro,cagan_adaptive,5.0,10.0,7.0,out-of-scope,6.5,9.0,10.0,10.0,8.2,LOW
lecture-python-intro,cagan_ree,4.0,10.0,8.5,out-of-scope,7.0,10.0,10.0,10.0,8.5,HIGH
lecture-python-intro,cobweb,7.5,10.0,7.5,out-of-scope,6.5,10.0,10.0,10.0,8.8,NONE
lecture-python-intro,commod_price,7.5,10.0,9.0,out-of-scope,8.0,10.0,10.0,10.0,9.2,NONE
lecture-python-intro,complex_and_trig,3.0,9.5,7.0,out-of-scope,5.5,10.0,10.0,10.0,7.9,HIGH
lecture-python-intro,cons_smooth,4.5,10.0,7.5,out-of-scope,6.0,9.0,10.0,10.0,8.1,LOW
lecture-python-intro,eigen_I,3.5,10.0,7.5,out-of-scope,3.5,N/A,10.0,10.0,7.4,HIGH
lecture-python-intro,eigen_II,4.5,9.5,7.5,out-of-scope,N/A,9.0,10.0,10.0,8.4,LOW
lecture-python-intro,equalizing_difference,5.0,8.0,7.5,out-of-scope,5.5,9.0,10.0,10.0,7.9,LOW
lecture-python-intro,fitting_distributions,6.5,10.0,10.0,out-of-scope,8.5,N/A,10.0,10.0,9.2,NONE
lecture-python-intro,french_rev,3.0,10.0,7.5,out-of-scope,3.0,7.5,10.0,10.0,7.3,HIGH
lecture-python-intro,geom_series,3.0,8.5,7.5,out-of-scope,4.0,N/A,10.0,10.0,7.2,HIGH
lecture-python-intro,greek_square,4.0,7.5,7.0,out-of-scope,6.5,9.0,10.0,10.0,7.7,HIGH
lecture-python-intro,heavy_tails,6.0,5.5,6.0,out-of-scope,5.0,10.0,9.0,10.0,7.4,LOW
lecture-python-intro,inequality,4.0,9.0,6.5,out-of-scope,5.0,10.0,10.0,10.0,7.8,HIGH
lecture-python-intro,inflation_history,3.0,10.0,6.0,out-of-scope,4.5,8.5,10.0,10.0,7.4,HIGH
lecture-python-intro,input_output,7.5,10.0,7.5,out-of-scope,6.0,8.5,10.0,10.0,8.5,LOW
lecture-python-intro,intro,10.0,N/A,N/A,out-of-scope,N/A,N/A,10.0,N/A,10.0,NONE
lecture-python-intro,intro_supply_demand,4.5,10.0,7.5,out-of-scope,6.5,N/A,8.0,10.0,7.8,LOW
lecture-python-intro,laffer_adaptive,4.0,10.0,7.0,out-of-scope,6.0,8.5,10.0,10.0,7.9,HIGH
lecture-python-intro,lake_model,4.5,10.0,7.5,out-of-scope,5.5,N/A,10.0,10.0,7.9,LOW
lecture-python-intro,linear_equations,5.5,6.5,7.5,out-of-scope,6.0,N/A,7.5,10.0,7.2,LOW
lecture-python-intro,lln_clt,8.0,4.5,7.5,out-of-scope,8.0,N/A,9.0,10.0,7.8,LOW
lecture-python-intro,long_run_growth,5.0,N/A,7.5,out-of-scope,6.0,8.5,10.0,10.0,7.8,LOW
lecture-python-intro,lp_intro,3.5,6.5,7.5,out-of-scope,8.5,10.0,10.0,10.0,8.0,HIGH
lecture-python-intro,markov_chains_I,6.0,3.0,7.0,out-of-scope,7.5,9.0,9.0,10.0,7.4,HIGH
lecture-python-intro,markov_chains_II,6.5,10.0,7.5,out-of-scope,6.5,8.5,10.0,10.0,8.4,LOW
lecture-python-intro,mle,5.0,10.0,7.0,out-of-scope,7.5,N/A,10.0,10.0,8.2,LOW
lecture-python-intro,mobility,4.5,7.0,8.5,out-of-scope,7.5,7.0,10.0,10.0,7.8,LOW
lecture-python-intro,money_inflation,4.5,9.5,7.5,out-of-scope,6.0,10.0,10.0,10.0,8.2,LOW
lecture-python-intro,money_inflation_nonlinear,3.0,9.5,6.5,out-of-scope,6.5,10.0,10.0,10.0,7.9,HIGH
lecture-python-intro,monte_carlo,5.5,5.0,7.5,out-of-scope,8.0,N/A,10.0,10.0,7.7,LOW
lecture-python-intro,msy_fishery,3.5,10.0,6.0,out-of-scope,6.5,10.0,10.0,10.0,8.0,HIGH
lecture-python-intro,networks,4.0,6.0,7.0,out-of-scope,5.5,8.5,10.0,10.0,7.3,HIGH
lecture-python-intro,observed_distributions,4.0,10.0,7.5,out-of-scope,7.0,10.0,10.0,10.0,8.4,HIGH
lecture-python-intro,olg,4.5,9.5,7.0,out-of-scope,6.5,10.0,8.0,10.0,7.9,LOW
lecture-python-intro,prob_dist,5.0,7.0,7.0,out-of-scope,9.0,N/A,10.0,10.0,8.0,LOW
lecture-python-intro,pv,4.5,10.0,8.5,out-of-scope,7.0,N/A,10.0,10.0,8.3,LOW
lecture-python-intro,scalar_dynam,4.5,10.0,6.0,out-of-scope,8.5,N/A,10.0,10.0,8.2,LOW
lecture-python-intro,schelling,5.0,10.0,7.0,out-of-scope,9.0,10.0,9.0,10.0,8.6,NONE
lecture-python-intro,short_path,5.5,10.0,7.5,out-of-scope,8.0,N/A,10.0,10.0,8.5,LOW
lecture-python-intro,simple_linear_regression,4.5,8.5,7.5,out-of-scope,6.5,N/A,10.0,9.5,7.8,LOW
lecture-python-intro,solow,4.0,8.0,7.0,out-of-scope,8.0,N/A,10.0,10.0,7.8,HIGH
lecture-python-intro,status,10.0,N/A,N/A,out-of-scope,N/A,N/A,10.0,N/A,10.0,NONE
lecture-python-intro,supply_demand_heterogeneity,4.5,9.5,7.0,out-of-scope,N/A,N/A,10.0,10.0,8.2,LOW
lecture-python-intro,supply_demand_multiple_goods,4.5,9.5,6.5,out-of-scope,7.5,N/A,10.0,10.0,8.0,LOW
lecture-python-intro,tax_smooth,3.0,9.5,6.0,out-of-scope,6.0,10.0,10.0,10.0,7.8,HIGH
lecture-python-intro,time_series_with_matrices,3.0,6.0,7.5,out-of-scope,7.0,10.0,8.0,10.0,7.4,HIGH
lecture-python-intro,troubleshooting,8.5,N/A,N/A,out-of-scope,9.0,N/A,9.0,N/A,8.8,NONE
lecture-python-intro,unpleasant,3.5,8.0,7.5,out-of-scope,6.0,10.0,10.0,10.0,7.9,HIGH
lecture-python-intro,zreferences,10.0,N/A,N/A,out-of-scope,N/A,N/A,10.0,N/A,10.0,NONE
lecture-python-programming,about_py,3.0,N/A,10.0,out-of-scope,7.5,N/A,8.0,N/A,7.1,HIGH
lecture-python-programming,autodiff,7.0,7.5,7.5,out-of-scope,6.5,N/A,10.0,10.0,8.1,LOW
lecture-python-programming,debugging,3.5,10.0,10.0,out-of-scope,9.0,N/A,10.0,10.0,8.8,HIGH
lecture-python-programming,functions,3.0,10.0,8.5,out-of-scope,7.5,N/A,10.0,10.0,8.2,HIGH
lecture-python-programming,getting_started,3.0,N/A,10.0,out-of-scope,7.0,N/A,10.0,10.0,8.0,HIGH
lecture-python-programming,intro,10.0,N/A,N/A,out-of-scope,N/A,N/A,10.0,N/A,10.0,NONE
lecture-python-programming,jax_intro,3.0,N/A,7.5,out-of-scope,7.0,N/A,10.0,10.0,7.5,HIGH
lecture-python-programming,matplotlib,4.0,10.0,7.0,out-of-scope,4.5,N/A,10.0,10.0,7.6,HIGH
lecture-python-programming,names,3.0,N/A,8.5,out-of-scope,7.0,N/A,10.0,10.0,7.7,HIGH
lecture-python-programming,need_for_speed,3.0,N/A,10.0,out-of-scope,8.5,N/A,10.0,10.0,8.3,HIGH
lecture-python-programming,numba,3.0,7.5,8.5,out-of-scope,7.5,N/A,9.0,10.0,7.6,HIGH
lecture-python-programming,numpy,3.0,8.0,7.0,out-of-scope,7.0,N/A,10.0,10.0,7.5,HIGH
lecture-python-programming,numpy_vs_numba_vs_jax,3.0,10.0,8.5,out-of-scope,8.5,N/A,10.0,10.0,8.3,HIGH
lecture-python-programming,oop_intro,4.0,N/A,9.0,out-of-scope,N/A,N/A,10.0,10.0,8.2,HIGH
lecture-python-programming,pandas,3.0,N/A,7.0,out-of-scope,6.5,N/A,10.0,10.0,7.3,HIGH
lecture-python-programming,pandas_panel,3.5,N/A,8.5,out-of-scope,4.5,N/A,10.0,10.0,7.3,HIGH
lecture-python-programming,polars,4.5,N/A,9.0,out-of-scope,7.0,N/A,10.0,10.0,8.1,LOW
lecture-python-programming,python_advanced_features,4.5,N/A,8.5,out-of-scope,9.0,N/A,10.0,10.0,8.4,LOW
lecture-python-programming,python_by_example,3.0,9.0,7.5,out-of-scope,6.5,N/A,10.0,7.5,7.2,HIGH
lecture-python-programming,python_essentials,3.0,10.0,8.5,out-of-scope,N/A,N/A,10.0,10.0,8.3,HIGH
lecture-python-programming,python_oop,3.0,10.0,7.5,out-of-scope,8.0,N/A,10.0,10.0,8.1,HIGH
lecture-python-programming,scipy,3.0,7.5,8.5,out-of-scope,8.0,N/A,10.0,10.0,7.8,HIGH
lecture-python-programming,status,10.0,N/A,9.0,out-of-scope,N/A,N/A,10.0,N/A,9.7,NONE
lecture-python-programming,sympy,4.0,8.0,8.5,out-of-scope,10.0,N/A,8.0,10.0,8.1,HIGH
lecture-python-programming,troubleshooting,5.5,N/A,N/A,out-of-scope,9.0,N/A,10.0,N/A,8.2,LOW
lecture-python-programming,workspace,4.5,N/A,8.5,out-of-scope,5.5,N/A,10.0,10.0,7.7,LOW
lecture-python-programming,writing_good_code,3.0,9.5,7.0,out-of-scope,7.5,N/A,10.0,10.0,7.8,HIGH
lecture-python.myst,affine_risk_prices,4.5,4.0,8.5,out-of-scope,5.5,9.0,10.0,10.0,7.4,HIGH
lecture-python.myst,aiyagari,4.5,8.5,8.5,out-of-scope,7.0,10.0,9.0,10.0,8.2,LOW
lecture-python.myst,aiyagari_egm,3.0,8.5,10.0,out-of-scope,5.5,9.0,10.0,10.0,8.0,HIGH
lecture-python.myst,ak2,3.5,10.0,8.5,out-of-scope,5.0,10.0,10.0,10.0,8.1,HIGH
lecture-python.myst,ak_aiyagari,5.0,10.0,8.0,out-of-scope,4.0,8.5,10.0,N/A,7.6,HIGH
lecture-python.myst,ar1_bayes,7.0,10.0,7.5,out-of-scope,8.0,10.0,8.0,10.0,8.6,NONE
lecture-python.myst,ar1_turningpts,3.0,7.5,8.5,out-of-scope,8.0,10.0,10.0,N/A,7.8,HIGH
lecture-python.myst,back_prop,3.0,7.5,7.5,out-of-scope,9.0,N/A,10.0,10.0,7.8,HIGH
lecture-python.myst,bayes_nonconj,5.0,10.0,8.5,out-of-scope,6.5,N/A,9.0,10.0,8.2,LOW
lecture-python.myst,blackwell_kihlstrom,3.5,3.0,8.5,out-of-scope,7.5,9.0,10.0,10.0,7.4,HIGH
lecture-python.myst,bounded_rationality,5.5,10.0,8.5,out-of-scope,6.5,10.0,10.0,10.0,8.6,NONE
lecture-python.myst,career,6.0,9.5,8.5,out-of-scope,6.5,10.0,10.0,10.0,8.6,NONE
lecture-python.myst,cass_fiscal,3.0,9.0,7.5,out-of-scope,4.0,10.0,10.0,10.0,7.6,HIGH
lecture-python.myst,cass_fiscal_2,4.0,10.0,7.5,out-of-scope,5.5,10.0,10.0,10.0,8.1,HIGH
lecture-python.myst,cass_koopmans_1,3.0,9.5,8.5,out-of-scope,6.0,10.0,9.0,10.0,8.0,HIGH
lecture-python.myst,cass_koopmans_2,3.0,9.5,8.5,out-of-scope,6.0,10.0,7.0,10.0,7.7,HIGH
lecture-python.myst,chow_business_cycles,5.5,6.5,8.5,out-of-scope,6.5,10.0,10.0,10.0,8.1,LOW
lecture-python.myst,cross_product_trick,3.5,3.0,N/A,out-of-scope,N/A,N/A,10.0,N/A,5.5,HIGH
lecture-python.myst,divergence_measures,4.5,6.5,8.5,out-of-scope,6.5,10.0,10.0,10.0,8.0,LOW
lecture-python.myst,eig_circulant,3.0,7.5,10.0,out-of-scope,7.0,N/A,10.0,10.0,7.9,HIGH
lecture-python.myst,endogenous_lake,5.5,7.5,8.5,out-of-scope,6.0,10.0,10.0,10.0,8.2,LOW
lecture-python.myst,exchange_rate_learning,5.0,9.5,10.0,out-of-scope,5.5,10.0,10.0,10.0,8.6,NONE
lecture-python.myst,exchangeable,3.5,7.0,7.5,out-of-scope,7.5,10.0,10.0,10.0,7.9,HIGH
lecture-python.myst,finite_markov,3.0,3.5,8.0,out-of-scope,6.5,10.0,9.0,10.0,7.1,HIGH
lecture-python.myst,ge_arrow,3.0,3.0,7.5,out-of-scope,7.5,10.0,10.0,10.0,7.3,HIGH
lecture-python.myst,genetic_classifier,6.0,10.0,8.5,out-of-scope,7.0,10.0,10.0,10.0,8.8,NONE
lecture-python.myst,hansen_singleton_1982,6.0,5.0,5.5,out-of-scope,9.5,10.0,10.0,10.0,8.0,LOW
lecture-python.myst,hansen_singleton_1983,6.0,3.0,7.0,out-of-scope,9.5,10.0,10.0,N/A,7.6,HIGH
lecture-python.myst,harrison_kreps,6.5,8.0,8.5,out-of-scope,N/A,10.0,10.0,10.0,8.8,NONE
lecture-python.myst,hoist_failure,5.5,6.5,8.5,out-of-scope,8.0,10.0,10.0,10.0,8.4,LOW
lecture-python.myst,house_auction,3.0,10.0,7.0,out-of-scope,N/A,10.0,10.0,10.0,8.3,HIGH
lecture-python.myst,ifp_advanced,3.0,3.0,7.0,out-of-scope,7.0,8.5,10.0,10.0,6.9,HIGH
lecture-python.myst,ifp_discrete,5.5,7.0,7.5,out-of-scope,8.5,10.0,10.0,10.0,8.4,LOW
lecture-python.myst,ifp_egm,3.0,9.5,6.5,out-of-scope,6.5,10.0,10.0,10.0,7.9,HIGH
lecture-python.myst,ifp_egm_transient_shocks,4.0,10.0,7.5,out-of-scope,5.5,9.0,10.0,10.0,8.0,HIGH
lecture-python.myst,ifp_opi,5.0,10.0,7.0,out-of-scope,6.0,N/A,9.0,10.0,7.8,LOW
lecture-python.myst,imp_sample,4.5,4.0,10.0,out-of-scope,8.5,N/A,10.0,N/A,7.4,HIGH
lecture-python.myst,information_market_equilibrium,4.0,5.5,8.5,out-of-scope,7.5,10.0,10.0,10.0,7.9,HIGH
lecture-python.myst,intro,10.0,N/A,N/A,out-of-scope,N/A,N/A,10.0,N/A,10.0,NONE
lecture-python.myst,inventory_dynamics,5.5,10.0,9.5,out-of-scope,7.0,10.0,10.0,10.0,8.9,NONE
lecture-python.myst,inventory_q,3.0,6.0,10.0,out-of-scope,6.0,10.0,10.0,N/A,7.5,HIGH
lecture-python.myst,jv,3.0,10.0,7.5,out-of-scope,6.5,9.0,10.0,10.0,8.0,HIGH
lecture-python.myst,kalman,5.0,4.5,8.5,out-of-scope,7.0,9.0,10.0,10.0,7.7,LOW
lecture-python.myst,kalman_2,5.0,7.5,7.5,out-of-scope,4.5,N/A,10.0,N/A,6.9,MEDIUM
lecture-python.myst,kalman_filter_var,5.5,7.5,5.5,out-of-scope,6.5,10.0,10.0,10.0,7.9,LOW
lecture-python.myst,kesten_processes,5.5,5.0,10.0,out-of-scope,8.0,10.0,10.0,10.0,8.4,LOW
lecture-python.myst,lagrangian_lqdp,3.0,3.0,7.0,out-of-scope,N/A,10.0,7.5,10.0,6.8,HIGH
lecture-python.myst,lake_model,5.5,6.5,7.5,out-of-scope,5.5,10.0,10.0,10.0,7.9,LOW
lecture-python.myst,learning_approximation,5.5,8.0,7.0,out-of-scope,6.5,10.0,10.0,10.0,8.1,LOW
lecture-python.myst,likelihood_bayes,5.5,4.0,7.5,out-of-scope,7.5,10.0,10.0,10.0,7.8,HIGH
lecture-python.myst,likelihood_ratio_process,3.0,3.0,7.0,out-of-scope,3.5,10.0,10.0,10.0,6.6,HIGH
lecture-python.myst,likelihood_ratio_process_2,3.0,9.5,7.5,out-of-scope,4.0,7.5,10.0,10.0,7.4,HIGH
lecture-python.myst,likelihood_var,4.5,3.5,7.5,out-of-scope,5.0,N/A,10.0,N/A,6.1,HIGH
lecture-python.myst,linear_algebra,3.0,4.5,7.5,out-of-scope,5.5,10.0,7.5,10.0,6.9,HIGH
lecture-python.myst,linear_models,3.0,3.0,6.0,out-of-scope,8.0,N/A,9.0,10.0,6.5,HIGH
lecture-python.myst,lln_clt,3.5,3.0,6.5,out-of-scope,7.0,10.0,10.0,10.0,7.1,HIGH
lecture-python.myst,long_run_risk_operator,3.0,7.0,7.5,out-of-scope,6.5,10.0,10.0,10.0,7.7,HIGH
lecture-python.myst,lq_bewley_complete_markets,6.0,10.0,8.5,out-of-scope,6.0,10.0,10.0,10.0,8.6,NONE
lecture-python.myst,lq_inventories,3.0,3.0,7.5,out-of-scope,7.0,10.0,10.0,10.0,7.2,HIGH
lecture-python.myst,lq_permanent_income,5.5,7.5,8.5,out-of-scope,6.5,10.0,10.0,10.0,8.3,LOW
lecture-python.myst,lq_robust_bewley,6.5,5.5,7.5,out-of-scope,7.5,10.0,10.0,10.0,8.1,LOW
lecture-python.myst,lq_robust_smoothing,5.5,7.5,8.5,out-of-scope,7.5,10.0,10.0,10.0,8.4,LOW
lecture-python.myst,lqcontrol,4.5,5.0,7.5,out-of-scope,5.5,10.0,10.0,10.0,7.5,LOW
lecture-python.myst,ls_learning,4.5,5.0,8.5,out-of-scope,6.5,10.0,10.0,10.0,7.8,LOW
lecture-python.myst,marimon_mcgrattan_sargent,4.0,9.5,6.5,out-of-scope,7.5,8.5,10.0,10.0,8.0,HIGH
lecture-python.myst,market_diffusion,6.5,7.0,4.5,out-of-scope,8.0,10.0,10.0,10.0,8.0,LOW
lecture-python.myst,markov_asset,3.0,4.5,7.5,out-of-scope,6.5,9.0,8.0,10.0,6.9,HIGH
lecture-python.myst,markov_perf,4.0,5.0,7.0,out-of-scope,6.0,10.0,10.0,10.0,7.4,HIGH
lecture-python.myst,mccall_fitted_vfi,6.0,8.0,7.0,out-of-scope,5.5,9.0,10.0,10.0,7.9,LOW
lecture-python.myst,mccall_model,3.0,7.5,7.0,out-of-scope,6.0,10.0,8.0,10.0,7.4,HIGH
lecture-python.myst,mccall_model_with_sep_markov,5.5,10.0,7.0,out-of-scope,5.5,N/A,10.0,10.0,8.0,LOW
lecture-python.myst,mccall_model_with_separation,7.0,8.5,7.5,out-of-scope,8.5,10.0,10.0,10.0,8.8,NONE
lecture-python.myst,mccall_persist_trans,6.5,6.0,7.0,out-of-scope,8.0,10.0,10.0,10.0,8.2,LOW
lecture-python.myst,mccall_q,4.0,9.5,7.0,out-of-scope,7.0,9.0,10.0,N/A,7.8,HIGH
lecture-python.myst,mccall_risk,6.5,6.0,7.0,out-of-scope,7.0,N/A,10.0,10.0,7.8,LOW
lecture-python.myst,measurement_models,3.0,5.0,6.0,out-of-scope,9.5,10.0,10.0,10.0,7.6,HIGH
lecture-python.myst,merging_of_opinions,4.5,7.0,8.5,out-of-scope,7.5,9.0,10.0,10.0,8.1,LOW
lecture-python.myst,misspecified_recovery,3.0,3.0,6.0,out-of-scope,6.5,10.0,10.0,10.0,6.9,HIGH
lecture-python.myst,mix_model,5.0,9.0,7.0,out-of-scope,7.0,N/A,10.0,10.0,8.0,LOW
lecture-python.myst,mle,4.5,3.0,7.5,out-of-scope,5.5,10.0,10.0,10.0,7.2,HIGH
lecture-python.myst,morris_learn,3.0,9.5,8.5,out-of-scope,10.0,8.5,10.0,10.0,8.5,HIGH
lecture-python.myst,multi_hyper,3.5,6.5,7.5,out-of-scope,7.0,N/A,10.0,N/A,6.9,HIGH
lecture-python.myst,multivariate_normal,3.0,3.0,7.5,out-of-scope,5.5,N/A,10.0,10.0,6.5,HIGH
lecture-python.myst,navy_captain,3.0,6.5,7.5,out-of-scope,3.0,N/A,10.0,N/A,6.0,HIGH
lecture-python.myst,newton_method,4.0,9.5,7.0,out-of-scope,6.0,N/A,10.0,10.0,7.8,HIGH
lecture-python.myst,odu,3.0,9.0,7.5,out-of-scope,5.0,9.0,8.5,10.0,7.4,HIGH
lecture-python.myst,olg_adaptive_money,3.5,7.5,6.5,out-of-scope,6.0,10.0,10.0,10.0,7.6,HIGH
lecture-python.myst,ols,3.0,7.0,7.5,out-of-scope,5.0,7.5,9.0,10.0,7.0,HIGH
lecture-python.myst,opt_transport,3.0,3.0,7.0,out-of-scope,8.0,10.0,10.0,10.0,7.3,HIGH
lecture-python.myst,organization_capital,4.5,7.0,8.5,out-of-scope,9.0,10.0,10.0,10.0,8.4,LOW
lecture-python.myst,os,5.5,9.5,8.5,out-of-scope,8.0,10.0,10.0,10.0,8.8,NONE
lecture-python.myst,os_egm,4.0,9.5,7.0,out-of-scope,9.0,10.0,10.0,10.0,8.5,HIGH
lecture-python.myst,os_egm_jax,8.0,10.0,7.0,out-of-scope,7.0,N/A,10.0,10.0,8.7,NONE
lecture-python.myst,os_numerical,4.5,9.5,7.5,out-of-scope,5.5,N/A,10.0,10.0,7.8,LOW
lecture-python.myst,os_stochastic,3.0,7.0,7.5,out-of-scope,7.5,10.0,8.0,10.0,7.6,HIGH
lecture-python.myst,os_time_iter,4.5,7.5,7.5,out-of-scope,8.0,9.0,10.0,10.0,8.1,LOW
lecture-python.myst,pandas_panel,3.5,N/A,7.5,out-of-scope,4.5,N/A,9.0,10.0,6.9,HIGH
lecture-python.myst,perm_income,3.0,4.0,7.5,out-of-scope,6.0,8.5,10.0,10.0,7.0,HIGH
lecture-python.myst,perm_income_cons,3.0,4.0,7.5,out-of-scope,5.5,10.0,9.0,N/A,6.5,HIGH
lecture-python.myst,phillips_adaptive,5.5,9.5,8.5,out-of-scope,6.5,8.5,10.0,10.0,8.4,LOW
lecture-python.myst,phillips_credibility,5.0,9.5,9.0,out-of-scope,7.0,8.5,10.0,10.0,8.4,LOW
lecture-python.myst,phillips_credible_policies,6.5,9.5,8.5,out-of-scope,6.0,10.0,9.0,10.0,8.5,LOW
lecture-python.myst,phillips_drifts_volatilities,3.5,9.5,8.0,out-of-scope,4.5,10.0,10.0,10.0,7.9,HIGH
lecture-python.myst,phillips_escaping_nash,5.0,9.5,8.5,out-of-scope,4.5,8.5,10.0,10.0,8.0,LOW
lecture-python.myst,phillips_learning,5.0,7.5,8.5,out-of-scope,6.0,7.0,10.0,10.0,7.7,LOW
lecture-python.myst,phillips_lost_conquest,3.5,6.0,7.5,out-of-scope,4.5,7.5,10.0,10.0,7.0,HIGH
lecture-python.myst,phillips_misspecified,5.5,9.5,8.5,out-of-scope,6.5,8.5,10.0,10.0,8.4,LOW
lecture-python.myst,phillips_priors,4.5,9.5,8.5,out-of-scope,5.5,7.0,10.0,10.0,7.9,LOW
lecture-python.myst,phillips_self_confirming,5.5,9.5,8.5,out-of-scope,6.0,10.0,10.0,10.0,8.5,LOW
lecture-python.myst,phillips_two_stories,3.0,10.0,8.5,out-of-scope,5.0,8.5,10.0,10.0,7.9,HIGH
lecture-python.myst,pricing_information,5.5,4.5,5.0,out-of-scope,6.0,10.0,10.0,10.0,7.3,LOW
lecture-python.myst,prob_matrix,3.0,3.0,5.5,out-of-scope,5.0,N/A,10.0,10.0,6.1,HIGH
lecture-python.myst,prob_meaning,3.0,7.5,6.0,out-of-scope,4.5,N/A,10.0,10.0,6.8,HIGH
lecture-python.myst,prospects_bounded_rationality,10.0,10.0,9.0,out-of-scope,8.5,10.0,10.0,N/A,9.6,NONE
lecture-python.myst,qr_decomp,3.0,3.0,7.5,out-of-scope,N/A,N/A,10.0,N/A,5.9,HIGH
lecture-python.myst,rand_resp,3.5,9.5,7.5,out-of-scope,N/A,10.0,10.0,N/A,8.1,HIGH
lecture-python.myst,rational_expectations,3.5,5.0,7.5,out-of-scope,10.0,9.0,10.0,10.0,7.9,HIGH
lecture-python.myst,rational_learning_re,5.5,7.5,8.5,out-of-scope,7.0,10.0,10.0,10.0,8.4,LOW
lecture-python.myst,re_with_feedback,3.0,8.5,7.0,out-of-scope,6.0,10.0,10.0,10.0,7.8,HIGH
lecture-python.myst,robust_permanent_income,3.5,9.0,7.0,out-of-scope,6.0,10.0,10.0,10.0,7.9,HIGH
lecture-python.myst,ross_recovery,3.5,5.5,6.5,out-of-scope,6.0,10.0,10.0,10.0,7.4,HIGH
lecture-python.myst,rs_inventory_q,3.0,6.5,7.5,out-of-scope,5.0,N/A,10.0,N/A,6.4,HIGH
lecture-python.myst,samuelson,6.5,9.5,7.5,out-of-scope,5.0,9.0,8.0,N/A,7.6,LOW
lecture-python.myst,sargent_surico,6.5,5.5,4.5,out-of-scope,4.0,10.0,10.0,10.0,7.2,HIGH
lecture-python.myst,sir_model,4.5,7.5,8.5,out-of-scope,8.5,N/A,10.0,N/A,7.8,LOW
lecture-python.myst,stats_examples,3.0,4.5,7.0,out-of-scope,7.0,N/A,10.0,10.0,6.9,HIGH
lecture-python.myst,status,10.0,N/A,9.0,out-of-scope,N/A,N/A,10.0,N/A,9.7,NONE
lecture-python.myst,survival_recursive_preferences,5.0,9.5,8.5,out-of-scope,4.5,10.0,10.0,10.0,8.2,LOW
lecture-python.myst,svd_intro,3.0,9.5,7.5,out-of-scope,6.5,N/A,10.0,10.0,7.8,HIGH
lecture-python.myst,theil_1,4.5,6.5,8.5,out-of-scope,6.5,10.0,10.0,10.0,8.0,LOW
lecture-python.myst,theil_2,4.5,7.5,6.5,out-of-scope,8.5,10.0,10.0,10.0,8.1,LOW
lecture-python.myst,troubleshooting,6.0,N/A,N/A,out-of-scope,9.0,N/A,9.0,N/A,8.0,LOW
lecture-python.myst,two_auctions,3.0,4.5,6.5,out-of-scope,3.0,10.0,9.0,N/A,6.0,HIGH
lecture-python.myst,two_computation,5.5,3.0,7.5,out-of-scope,3.0,10.0,10.0,N/A,6.5,HIGH
lecture-python.myst,uncertainty_traps,3.0,5.5,7.5,out-of-scope,6.5,9.0,10.0,10.0,7.4,HIGH
lecture-python.myst,unemployment_linear,6.0,8.0,8.5,out-of-scope,8.5,9.0,10.0,10.0,8.6,NONE
lecture-python.myst,unemployment_shocks,10.0,10.0,9.0,out-of-scope,10.0,N/A,10.0,10.0,9.8,NONE
lecture-python.myst,util_rand_resp,4.0,4.0,7.5,out-of-scope,9.5,9.0,10.0,N/A,7.3,HIGH
lecture-python.myst,var_dmd,3.0,9.5,N/A,out-of-scope,N/A,7.5,9.0,10.0,7.8,HIGH
lecture-python.myst,var_subsets,6.5,7.0,5.0,out-of-scope,5.0,N/A,10.0,10.0,7.2,LOW
lecture-python.myst,von_neumann_model,3.0,5.0,7.5,out-of-scope,7.0,8.5,10.0,10.0,7.3,HIGH
lecture-python.myst,wald_friedman,3.0,8.5,7.5,out-of-scope,4.5,10.0,9.0,10.0,7.5,HIGH
lecture-python.myst,wald_friedman_2,3.0,6.0,7.5,out-of-scope,5.0,9.0,8.5,10.0,7.0,HIGH
lecture-python.myst,wealth_dynamics,3.0,9.5,8.0,out-of-scope,6.5,10.0,10.0,10.0,8.1,HIGH
lecture-python.myst,zreferences,10.0,N/A,N/A,out-of-scope,N/A,N/A,10.0,N/A,10.0,NONE
